{
  "name": "Rebirth Rumble",
  "version": "0.1.7",
  "storage": "aws",
  "description": "Cyber-Brawls on Solana.",
  "website": "https://discord.gg/UfWARJfjTu",
  "kind": "app",
  "tag": "game",
  "icon": {
    "md": "./assets/icon.png"
  },
  "contact": "kimosabe.crypto@gmail.com",
  "screenshots": [
    "./assets/screenshot1.png",
    "./assets/screenshot2.png",
    "./assets/screenshot3.png",
    "./assets/screenshot4.png"
  ],
  "entrypoints": {
    "default": {
      "web": "https://kimo-do.github.io/Speedrun2/"
    }
  }
}